student_id,student_no
130,300063
131,300144
132,300349
133,300837
134,400017
135,400122
136,500089
137,500160
138,600032
139,800023
140,900028
141,900125
142,1000020
143,1000063
221,1000225
144,1100033
145,1100050
146,1100092
147,1100165
222,1100238
246,1200054
223,1200127
224,1200151
225,1200186
148,1300016
149,1300032
150,1300075
151,1300083
152,1300091
153,1300105
154,1300172
226,1300229
227,1300237
228,1300245
229,1300253
230,1400037
155,1400045
247,1400053
156,1400100
157,1400134
158,1400150
159,1400193
160,1400215
231,1400223
161,1400258
162,1400274
163,1500015
164,1500031
165,1500040
232,1500104
166,1500112
233,1500147
234,1500210
167,1500228
168,1500236
169,1600028
170,1600036
171,1600044
172,1600060
173,1600079
174,1600095
175,1600117
176,1600125
177,1600133
178,1600184
235,1600214
236,1600222
237,1600249
238,1600257
239,1600265
179,1600273
180,1600281
181,1600419
182,1600427
183,1600435
184,1700014
185,1700022
186,1700030
187,1700049
188,1700057
250,1700065
189,1700073
190,1700081
191,1700090
192,1700103
193,1700111
194,1700138
195,1700146
196,1700162
197,1700170
198,1700189
199,1700197
240,1700219
241,1700235
243,1700251
200,1700260
201,1700278
202,1700286
220,1700294
248,1700332
603,1720015
604,1720023
523,1720031
524,1720040
607,1720058
608,1720066
569,1720074
528,1720082
529,1720090
570,1720104
533,1720112
534,1720120
535,1720139
615,1720147
537,1720155
618,1720163
538,1720171
574,1720180
579,1720198
580,1720201
625,1720210
628,1720228
582,1720236
584,1720244
543,1720252
585,1720260
588,1720279
589,1720287
590,1720295
548,1720309
632,1720317
636,1720325
553,1720333
637,1720341
556,1720350
558,1720368
639,1720376
601,1720384
562,1720392
643,1720406
563,1720414
566,1720422
567,1720430
568,1720449
609,1720457
610,1720465
527,1720473
530,1720481
612,1720490
571,1720503
532,1720511
614,1720520
573,1720538
617,1720546
621,1720554
539,1720562
541,1720570
624,1720589
581,1720597
583,1720600
544,1720619
545,1720627
586,1720635
587,1720643
631,1720651
546,1720660
591,1720678
549,1720686
633,1720694
593,1720708
594,1720716
595,1720724
635,1720732
551,1720740
597,1720759
638,1720767
559,1720775
560,1720783
600,1720791
641,1720805
564,1720813
565,1720821
605,1720830
606,1720848
525,1720856
526,1720864
531,1720872
611,1720880
613,1720899
536,1720902
616,1720910
572,1720929
619,1720937
620,1720945
575,1720953
576,1720961
577,1720970
578,1720988
540,1720996
622,1721003
623,1721011
626,1721020
627,1721038
542,1721046
629,1721054
630,1721062
547,1721070
592,1721089
634,1721097
550,1721100
552,1721119
554,1721127
555,1721135
596,1721143
598,1721151
599,1721160
557,1721178
640,1721186
561,1721194
602,1721208
923,1730100
1209,1730703
244,1800019
245,1800027
203,1800035
204,1800043
205,1800051
206,1800060
207,1800078
208,1800086
209,1800094
210,1800108
211,1800116
212,1800124
213,1800132
214,1800140
215,1800167
216,1800175
217,1800183
218,1800191
219,1800205
1211,1800230
484,1820010
444,1820028
485,1820036
445,1820044
404,1820052
446,1820060
405,1820079
486,1820087
447,1820095
448,1820109
449,1820117
406,1820125
487,1820133
450,1820141
407,1820150
408,1820168
451,1820176
488,1820184
409,1820192
410,1820206
411,1820214
452,1820222
453,1820230
412,1820249
454,1820257
455,1820265
489,1820273
490,1820281
413,1820290
456,1820303
491,1820311
414,1820320
1230,1820338
492,1820346
493,1820354
415,1820362
494,1820370
416,1820389
457,1820397
417,1820400
458,1820419
495,1820427
459,1820435
460,1820443
496,1820451
497,1820460
418,1820478
498,1820486
419,1820494
461,1820508
499,1820516
420,1820524
462,1820532
500,1820540
463,1820559
464,1820567
465,1820575
501,1820583
502,1820591
466,1820605
421,1820613
503,1820621
504,1820630
467,1820648
505,1820656
468,1820664
506,1820672
469,1820680
422,1820699
423,1820702
424,1820710
425,1820729
426,1820737
427,1820745
507,1820753
508,1820761
470,1820770
471,1820788
509,1820796
510,1820800
1228,1820813@saikyo.ed.jp.1576728755
511,1820818
472,1820826
428,1820834
473,1820842
474,1820850
512,1820869
429,1820877
513,1820885
475,1820893
476,1820907
430,1820915
477,1820923
478,1820931
514,1820940
431,1820958
432,1820966
479,1820974
480,1820982
515,1820990
433,1821008
481,1821016
516,1821024
434,1821032
517,1821040
435,1821059
518,1821067
436,1821075
437,1821083
438,1821091
439,1821105
519,1821113
482,1821121
483,1821130
520,1821148
521,1821156
522,1821164
440,1821172
441,1821180
442,1821199
443,1821202
924,1830015
925,1830023
926,1830031
927,1830040
928,1830058
929,1830066
930,1830074
931,1830082
932,1830090
933,1830104
934,1830112
935,1830120
936,1830139
937,1830147
938,1830155
939,1830163
940,1830171
941,1830180
942,1830198
943,1830201
944,1830210
945,1830228
946,1830236
947,1830244
948,1830252
949,1830260
950,1830279
951,1830287
952,1830295
953,1830309
954,1830317
955,1830325
956,1830333
957,1830341
958,1830350
959,1830368
960,1830376
961,1830384
962,1830392
963,1830406
964,1830414
965,1830422
966,1830430
967,1830449
968,1830457
969,1830465
970,1830473
971,1830481
972,1830490
973,1830503
974,1830511
975,1830520
976,1830538
977,1830546
978,1830554
979,1830562
980,1830570
981,1830589
982,1830597
983,1830600
984,1830619
985,1830627
986,1830635
987,1830643
988,1830651
989,1830660
990,1830678
991,1830686
992,1830694
993,1830708
994,1830716
995,1830724
996,1830732
997,1830740
998,1830759
999,1830767
1000,1830775
1001,1830783
1002,1830791
1003,1830805
1004,1830813
1005,1830821
1006,1830830
1007,1830848
1008,1830856
1009,1830864
1010,1830872
1011,1830880
1012,1830899
1013,1830902
1014,1830910
1015,1830929
1016,1830937
1017,1830945
1018,1830953
1019,1830961
1020,1830970
1021,1830988
1022,1830996
1023,1831003
1024,1831011
1025,1831020
1026,1831038
1027,1831046
1028,1831054
1029,1831062
1030,1831070
1031,1831089
1032,1831097
1033,1831100
1034,1831119
1035,1831127
1036,1831135
1037,1831143
1038,1831151
1039,1831160
1040,1840010
1041,1840029
1042,1840037
1043,1840045
1044,1840053
1045,1840061
1046,1840070
1047,1840088
1048,1840096
1049,1840100
1050,1840118
1051,1840126
1052,1840134
1053,1840142
1054,1840150
1055,1840169
1056,1840177
1057,1840185
1058,1840193
1059,1840207
1060,1840215
1061,1840223
1062,1840231
1063,1840240
1064,1840258
1065,1840266
1066,1840274
1067,1840282
1068,1840290
1069,1840304
1070,1840312
1071,1840320
1072,1840339
1073,1840347
1074,1840355
1075,1840363
1076,1840371
1077,1840380
1078,1840398
1079,1840401
1080,1840410
1081,1840428
1082,1840436
1083,1840444
1084,1840452
1085,1840460
1086,1840479
1087,1840487
1088,1840495
1089,1840509
1090,1840517
1091,1840525
1092,1840533
1093,1840541
1094,1840550
1095,1840568
1096,1840576
1097,1840584
1098,1840592
1099,1840606
1100,1840614
1101,1840622
1102,1840630
1103,1840649
1104,1840657
1105,1840665
1106,1840673
1107,1840681
1108,1840690
1109,1840703
1110,1840711
1111,1840720
1112,1840738
1113,1840746
1114,1840754
1115,1840762
1116,1840770
1117,1840789
1118,1840797
1119,1840800
1120,1840819
1121,1840827
1122,1840835
1123,1840843
1124,1840851
1125,1840860
1126,1840878
1127,1840886
1128,1840894
1129,1840908
1130,1840916
1131,1840924
1132,1840932
1133,1840940
1134,1840959
1135,1840967
1136,1840975
1137,1840983
1138,1840991
1139,1841009
1140,1841017
1141,1841025
1142,1841033
1143,1841041
1144,1841050
1145,1841068
1146,1841076
1147,1841084
1148,1841092
1149,1841106
1150,1841114
1151,1841122
1152,1841130
1153,1841149
1154,1841157
1155,1841165
1156,1841173
1157,1841181
1158,1841190
1159,1841203
1160,1841211
1161,1841220
1162,1841238
1163,1841246
1164,1841254
1165,1841262
1166,1841270
1167,1841289
1168,1841297
1169,1841300
1170,1841319
1171,1841327
1172,1841335
1173,1841343
1174,1841351
1175,1841360
1176,1841378
1177,1841386
1178,1841394
1179,1841408
1180,1841416
1181,1841424
1182,1841432
1183,1841440
1184,1841459
1185,1841467
1186,1841475
1187,1841483
1188,1841491
1189,1841505
1190,1841513
1191,1841521
1192,1841530
1193,1841548
1194,1841556
1195,1841564
1196,1841572
1197,1841580
1198,1841599
1199,1841602
1200,1841610
1201,1841629
1202,1841637
1203,1841645
1204,1841653
1205,1841661
1206,1841670
1207,1841688
1208,1841696
262,1900013
256,1900021
263,1900030
264,1900048
1217,1900056
265,1900064
266,1900072
267,1900080
268,1900099
269,1900102
257,1900110
258,1900129
270,1900137
271,1900145
272,1900153
273,1900161
274,1900170
275,1900188
276,1900196
259,1900200
260,1900218
277,1900226
278,1900234
279,1900269
261,1900277
280,1900285
281,1900293
282,1900307
1218,1900323
1669,1900331
1226,1900340
1227,1900358
1229,1900366
764,1930010
765,1930028
766,1930036
685,1930044
767,1930052
686,1930060
844,1930079
768,1930087
687,1930095
845,1930109
688,1930117
846,1930125
847,1930133
689,1930141
690,1930150
769,1930168
691,1930176
770,1930184
771,1930192
848,1930206
692,1930214
849,1930222
772,1930230
850,1930249
851,1930257
773,1930265
852,1930273
853,1930281
854,1930290
855,1930303
774,1930311
775,1930320
776,1930338
856,1930346
693,1930354
777,1930362
694,1930370
695,1930389
778,1930397
696,1930400
857,1930419
779,1930427
780,1930435
858,1930443
781,1930451
697,1930460
859,1930478
782,1930486
860,1930494
698,1930508
783,1930516
861,1930524
862,1930532
699,1930540
784,1930559
700,1930567
785,1930575
701,1930583
702,1930591
863,1930605
864,1930613
786,1930621
787,1930630
703,1930648
788,1930656
789,1930664
865,1930672
790,1930680
791,1930699
866,1930702
704,1930710
792,1930729
867,1930737
705,1930745
706,1930753
793,1930761
794,1930770
868,1930788
795,1930796
796,1930800
797,1930818
707,1930826
869,1930834
708,1930842
709,1930850
710,1930869
870,1930877
711,1930885
871,1930893
872,1930907
712,1930915
798,1930923
873,1930931
874,1930940
799,1930958
875,1930966
876,1930974
713,1930982
877,1930990
878,1931008
879,1931016
714,1931024
715,1931032
716,1931040
800,1931059
880,1931067
717,1931075
718,1931083
719,1931091
881,1931105
801,1931113
720,1931121
721,1931130
802,1931148
882,1931156
722,1931164
723,1940015
883,1940023
644,1940031
825,1940040
724,1940058
725,1940066
803,1940074
804,1940082
645,1940090
884,1940104
646,1940112
647,1940120
726,1940139
648,1940147
805,1940155
649,1940163
885,1940171
727,1940180
806,1940198
650,1940201
886,1940210
887,1940228
888,1940236
807,1940244
728,1940252
651,1940260
652,1940279
889,1940287
808,1940295
729,1940309
890,1940317
653,1940325
809,1940333
810,1940341
654,1940350
730,1940368
731,1940376
732,1940384
891,1940392
811,1940406
812,1940414
655,1940422
656,1940430
813,1940449
657,1940457
892,1940465
658,1940473
814,1940481
893,1940490
659,1940503
815,1940511
660,1940520
816,1940538
733,1940546
894,1940554
661,1940562
734,1940570
895,1940589
735,1940597
817,1940600
736,1940619
818,1940627
819,1940635
662,1940643
737,1940651
663,1940660
664,1940678
665,1940686
896,1940694
666,1940708
738,1940716
739,1940724
897,1940732
667,1940740
820,1940759
740,1940767
668,1940775
898,1940783
669,1940791
899,1940805
741,1940813
900,1940821
670,1940830
821,1940848
901,1940856
902,1940864
903,1940872
904,1940880
742,1940899
671,1940902
905,1940910
822,1940929
823,1940937
743,1940945
672,1940953
673,1940961
744,1940970
824,1940988
745,1940996
746,1941003
826,1941011
747,1941020
906,1941038
748,1941046
749,1941054
907,1941062
674,1941070
827,1941089
750,1941097
908,1941100
675,1941119
909,1941127
751,1941135
828,1941143
676,1941151
677,1941160
829,1941178
910,1941186
752,1941194
830,1941208
911,1941216
912,1941224
831,1941232
832,1941240
833,1941259
753,1941267
754,1941275
913,1941283
755,1941291
756,1941305
914,1941313
834,1941321
835,1941330
678,1941348
757,1941356
915,1941364
836,1941372
837,1941380
838,1941399
679,1941402
916,1941410
758,1941429
759,1941437
680,1941445
681,1941453
760,1941461
917,1941470
839,1941488
918,1941496
761,1941500
682,1941518
840,1941526
841,1941534
919,1941542
920,1941550
683,1941569
921,1941577
762,1941585
684,1941593
763,1941607
842,1941615
843,1941623
922,1941631
1244,2000016
1245,2000024
1246,2000032
1247,2000040
1248,2000059
1249,2000067
1250,2000075
1251,2000083
1252,2000091
1253,2000105
1254,2000113
1255,2000121
1256,2000130
1257,2000148
1258,2000156
1259,2000164
1260,2000172
1235,2000210
1236,2000229
1237,2000237
1238,2000245
1239,2000253
1240,2000261
1241,2000270
1242,2000288
1243,2000296
1673,2000300
1666,2000385
1679,2000474
1680,2000482
1423,2030012
1424,2030020
1425,2030039
1504,2030047
1426,2030055
1427,2030063
1428,2030071
1429,2030080
1430,2030098
1585,2030101
1505,2030110
1506,2030128
1586,2030136
1587,2030144
1507,2030152
1588,2030160
1508,2030179
1509,2030187
1510,2030195
1589,2030209
1590,2030217
1431,2030225
1511,2030233
1591,2030241
1432,2030250
1592,2030268
1512,2030276
1513,2030284
1514,2030292
1593,2030306
1433,2030314
1434,2030322
1594,2030330
1435,2030349
1515,2030357
1595,2030365
1436,2030373
1437,2030381
1516,2030390
1596,2030403
1438,2030411
1597,2030420
1439,2030438
1598,2030446
1517,2030454
1518,2030462
1599,2030470
1600,2030489
1519,2030497
1601,2030500
1520,2030519
1602,2030527
1440,2030535
1521,2030543
1522,2030551
1441,2030560
1523,2030578
1603,2030586
1524,2030594
1604,2030608
1442,2030616
1443,2030624
1444,2030632
1605,2030640
1525,2030659
1527,2030667
1526,2030675
1445,2030683
1528,2030691
1529,2030705
1530,2030713
1446,2030721
1447,2030730
1448,2030748
1606,2030756
1449,2030764
1607,2030772
1608,2030780
1531,2030799
1609,2030802
1532,2030810
1533,2030829
1450,2030837
1534,2030845
1610,2030853
1535,2030861
1451,2030870
1611,2030888
1536,2030896
1452,2030900
1453,2030918
1537,2030926
1612,2030934
1613,2030942
1538,2030950
1614,2030969
1615,2030977
1616,2030985
1539,2030993
1454,2031000
1455,2031019
1617,2031027
1456,2031035
1457,2031043
1540,2031051
1618,2031060
1619,2031078
1620,2031086
1541,2031094
1542,2031108
1458,2031116
1621,2031124
1543,2031132
1622,2031140
1459,2031159
1623,2031167
1460,2031175
1624,2031183
1461,2031191
1462,2031205
1544,2040018
1625,2040026
1626,2040034
1545,2040042
1546,2040050
1547,2040069
1463,2040077
1381,2040085
1464,2040093
1382,2040107
1465,2040115
1627,2040123
1383,2040131
1384,2040140
1548,2040158
1628,2040166
1385,2040174
1466,2040182
1467,2040190
1468,2040204
1386,2040212
1469,2040220
1470,2040239
1549,2040247
1387,2040255
1629,2040263
1550,2040271
1630,2040280
1388,2040298
1471,2040301
1551,2040310
1472,2040328
1631,2040336
1389,2040344
1390,2040352
1473,2040360
1391,2040379
1552,2040387
1474,2040395
1392,2040409
1553,2040417
1475,2040425
1476,2040433
1554,2040441
1477,2040450
1632,2040468
1555,2040476
1478,2040484
1393,2040492
1633,2040506
1556,2040514
1557,2040522
1479,2040530
1634,2040549
1480,2040557
1635,2040565
1481,2040573
1558,2040581
1394,2040590
1559,2040603
1482,2040611
1483,2040620
1484,2040638
1395,2040646
1560,2040654
1561,2040662
1396,2040670
1485,2040689
1636,2040697
1562,2040700
1563,2040719
1564,2040727
1397,2040735
1637,2040743
1638,2040751
1398,2040760
1565,2040778
1486,2040786
1566,2040794
1567,2040808
1568,2040816
1639,2040824
1640,2040832
1569,2040840
1399,2040859
1641,2040867
1400,2040875
1570,2040883
1401,2040891
1642,2040905
1402,2040913
1403,2040921
1487,2040930
1571,2040948
1404,2040956
1488,2040964
1405,2040972
1489,2040980
1406,2040999
1490,2041006
1643,2041014
1572,2041022
1573,2041030
1491,2041049
1644,2041057
1645,2041065
1574,2041073
1492,2041081
1407,2041090
1646,2041103
1493,2041111
1575,2041120
1576,2041138
1647,2041146
1408,2041154
1648,2041162
1494,2041170
1649,2041189
1577,2041197
1409,2041200
1578,2041219
1650,2041227
1410,2041235
1651,2041243
1652,2041251
1411,2041260
1579,2041278
1412,2041286
1653,2041294
1654,2041308
1655,2041316
1656,2041324
1495,2041332
1496,2041340
1413,2041359
1497,2041367
1580,2041375
1657,2041383
1658,2041391
1581,2041405
1414,2041413
1415,2041421
1416,2041430
1498,2041448
1659,2041456
1660,2041464
1582,2041472
1417,2041480
1583,2041499
1661,2041502
1662,2041510
1584,2041529
1418,2041537
1499,2041545
1663,2041553
1664,2041561
1419,2041570
1500,2041588
1501,2041596
1502,2041600
1420,2041618
1503,2041626
1421,2041634
1422,2041642
1665,2041650
1829,2100010
1830,2100029
1831,2100037
1832,2100045
1833,2100053
1834,2100061
1835,2100070
1836,2100088
1837,2100096
1838,2100100
1839,2100118
1840,2100126
1841,2100134
1842,2100142
1843,2100150
1844,2100169
1845,2100177
1846,2100185
1847,2100193
1696,2100207
1697,2100215
1698,2100223
1699,2100231
1700,2100240
1701,2100258
1702,2100266
1703,2100274
1704,2100282
1705,2100290
1889,2130017
1970,2130025
1971,2130033
1972,2130041
2049,2130050
2050,2130068
1973,2130076
2051,2130084
1974,2130092
2052,2130106
1890,2130114
2053,2130122
1891,2130130
1975,2130149
1892,2130157
1976,2130165
1893,2130173
1977,2130181
2054,2130190
1894,2130203
2055,2130211
1978,2130220
1895,2130238
1979,2130246
1896,2130254
2056,2130262
2057,2130270
2058,2130289
1980,2130297
1981,2130300
1897,2130319
1898,2130327
2059,2130335
1899,2130343
2060,2130351
2061,2130360
1982,2130378
1900,2130386
1983,2130394
1984,2130408
1901,2130416
2062,2130424
1902,2130432
2063,2130440
1903,2130459
1904,2130467
1985,2130475
2064,2130483
1986,2130491
1987,2130505
1905,2130513
1906,2130521
2065,2130530
2066,2130548
2067,2130556
1988,2130564
1989,2130572
1907,2130580
2068,2130599
2069,2130602
1908,2130610
1990,2130629
2070,2130637
1909,2130645
1991,2130653
2071,2130661
1992,2130670
1910,2130688
2072,2130696
2073,2130700
1993,2130718
1994,2130726
1911,2130734
1912,2130742
1995,2130750
1913,2130769
1996,2130777
1914,2130785
2074,2130793
2075,2130807
1915,2130815
1997,2130823
2076,2130831
2077,2130840
1998,2130858
2078,2130866
1916,2130874
2079,2130882
1917,2130890
1999,2130904
2080,2130912
2000,2130920
1918,2130939
2081,2130947
2082,2130955
1919,2130963
1920,2130971
1921,2130980
2001,2130998
1922,2131005
2083,2131013
1923,2131021
2084,2131030
2002,2131048
2003,2131056
2004,2131064
2085,2131072
1924,2131080
1925,2131099
1926,2131102
2005,2131110
1927,2131129
2006,2131137
2086,2131145
2007,2131153
2008,2140012
2087,2140020
1928,2140039
2009,2140047
2010,2140055
2088,2140063
1929,2140071
1848,2140080
2089,2140098
2090,2140101
2011,2140110
1930,2140128
1931,2140136
2012,2140144
1932,2140152
2091,2140160
1849,2140179
1850,2140187
2013,2140195
1851,2140209
2092,2140217
2014,2140225
1852,2140233
2093,2140241
1933,2140250
2094,2140268
1853,2140276
1854,2140284
2095,2140292
2096,2140306
2097,2140314
1934,2140322
2015,2140330
2098,2140349
1935,2140357
1855,2140365
1936,2140373
1856,2140381
1857,2140390
2099,2140403
1937,2140411
2100,2140420
1858,2140438
1938,2140446
1859,2140454
1860,2140462
1861,2140470
1939,2140489
1862,2140497
2016,2140500
1940,2140519
2101,2140527
1863,2140535
2102,2140543
2017,2140551
2018,2140560
1864,2140578
2103,2140586
2019,2140594
2020,2140608
2104,2140616
1865,2140624
2105,2140632
1941,2140640
1942,2140659
1866,2140667
1867,2140675
1943,2140683
2106,2140691
1944,2140705
2107,2140713
1945,2140721
2108,2140730
2109,2140748
2021,2140756
2022,2140764
1868,2140772
1946,2140780
2110,2140799
1947,2140802
1948,2140810
2023,2140829
2024,2140837
1949,2140845
1869,2140853
2111,2140861
1950,2140870
1870,2140888
2025,2140896
1951,2140900
1871,2140918
2026,2140926
2027,2140934
2028,2140942
2112,2140950
2113,2140969
2029,2140977
2030,2140985
2114,2140993
1872,2141000
1873,2141019
2031,2141027
2032,2141035
1874,2141043
2033,2141051
1875,2141060
1876,2141078
2115,2141086
1877,2141094
2116,2141108
1952,2141116
1953,2141124
1878,2141132
1954,2141140
1955,2141159
1956,2141167
1957,2141175
2117,2141183
2034,2141191
1958,2141205
2118,2141213
1879,2141221
2119,2141230
2120,2141248
2035,2141256
1959,2141264
2036,2141272
2037,2141280
2038,2141299
1960,2141302
2039,2141310
1961,2141329
1880,2141337
1881,2141345
2040,2141353
2041,2141361
1882,2141370
2121,2141388
2122,2141396
1962,2141400
1883,2141418
2123,2141426
1963,2141434
2042,2141442
1964,2141450
2043,2141469
2124,2141477
1965,2141485
1884,2141493
2044,2141507
2045,2141515
2125,2141523
2046,2141531
1885,2141540
1886,2141558
1966,2141566
2126,2141574
1887,2141582
2047,2141590
2048,2141604
1967,2141612
2127,2141620
1968,2141639
1888,2141647
1969,2141655
2433,2200015
2434,2200023
2435,2200031
2436,2200040
2437,2200058
2438,2200066
2439,2200074
2440,2200082
2441,2200090
2442,2200104
2443,2200112
2444,2200120
2445,2200139
2446,2200147
2447,2200155
2448,2200163
2449,2200171
2450,2200180
2451,2200198
2263,2200201
2264,2200210
2265,2200228
2266,2200236
2268,2200252
242,2200260
2267,2200279
2454,2200295
325,2230011
365,2230020
366,2230038
326,2230046
285,2230054
367,2230062
327,2230070
368,2230089
286,2230097
369,2230100
328,2230119
329,2230127
370,2230135
330,2230143
331,2230151
332,2230160
287,2230178
333,2230186
371,2230194
334,2230208
335,2230216
336,2230224
288,2230232
372,2230240
337,2230259
338,2230267
289,2230275
373,2230283
374,2230291
375,2230305
290,2230313
291,2230321
292,2230330
376,2230348
339,2230356
293,2230364
294,2230372
295,2230380
340,2230399
296,2230402
297,2230410
341,2230429
298,2230437
299,2230445
377,2230453
342,2230461
343,2230470
300,2230488
301,2230496
344,2230500
302,2230518
345,2230526
378,2230534
346,2230542
347,2230550
303,2230569
379,2230577
304,2230585
380,2230593
381,2230607
348,2230615
382,2230623
383,2230631
349,2230640
384,2230658
350,2230666
385,2230674
305,2230682
351,2230690
352,2230704
353,2230712
386,2230720
354,2230739
306,2230747
355,2230755
307,2230763
387,2230771
388,2230780
308,2230798
309,2230801
310,2230810
389,2230828
390,2230836
311,2230844
312,2230852
313,2230860
356,2230879
391,2230887
357,2230895
314,2230909
315,2230917
392,2230925
316,2230933
393,2230941
317,2230950
358,2230968
359,2230976
394,2230984
395,2230992
318,2231000
360,2231018
361,2231026
396,2231034
397,2231042
398,2231050
399,2231069
319,2231077
320,2231085
362,2231093
363,2231107
400,2231115
401,2231123
321,2231131
402,2231140
322,2231158
323,2231166
403,2231174
364,2231182
324,2231190
642,2231204
2380,2240017
2311,2240025
2353,2240033
2312,2240041
2407,2240050
2381,2240068
2269,2240076
2332,2240084
2408,2240092
2290,2240106
2354,2240114
2313,2240122
2291,2240130
2333,2240149
2409,2240157
2355,2240165
2270,2240173
2334,2240181
2314,2240190
2315,2240203
2292,2240211
2382,2240220
2383,2240238
2271,2240246
2410,2240254
2335,2240262
2356,2240270
2384,2240289
2411,2240297
2293,2240300
2412,2240319
2413,2240327
2272,2240335
2385,2240343
2316,2240351
2317,2240360
2386,2240378
2273,2240386
2274,2240394
2294,2240408
2275,2240416
2387,2240424
2388,2240432
2357,2240440
2318,2240459
2358,2240467
2336,2240475
2389,2240483
2390,2240491
2391,2240505
2337,2240513
2414,2240521
2295,2240530
2338,2240556
2359,2240564
2360,2240572
2319,2240599
2361,2240602
2320,2240610
2276,2240629
2392,2240637
2415,2240645
2362,2240653
2416,2240661
2393,2240670
2277,2240688
2278,2240696
2339,2240700
2279,2240718
2321,2240726
2363,2240734
2394,2240742
2296,2240750
2417,2240769
2364,2240777
2340,2240785
2365,2240793
2366,2240807
2280,2240815
2341,2240823
2322,2240831
2342,2240840
2395,2240858
2396,2240866
2367,2240874
2368,2240882
2343,2240890
2418,2240904
2344,2240912
2369,2240920
2397,2240939
2297,2240947
2370,2240955
2419,2240963
2298,2240971
2323,2240980
2299,2240998
2281,2241005
2345,2241013
2371,2241021
2372,2241030
2373,2241048
2420,2241056
2374,2241064
2421,2241072
2422,2241080
2375,2241099
2346,2241102
2282,2241110
2398,2241129
2399,2241137
2324,2241145
2423,2241153
2424,2241161
2325,2241170
2347,2241188
2300,2241196
2400,2241200
2425,2241218
2326,2241226
2401,2241234
2301,2241242
2348,2241250
2426,2241269
2302,2241277
2349,2241285
2303,2241293
2283,2241307
2402,2241315
2427,2241323
2403,2241331
2350,2241340
2327,2241358
2404,2241366
2428,2241374
2429,2241382
2284,2241390
2285,2241404
2328,2241412
2304,2241420
2305,2241439
2306,2241447
2405,2241455
2430,2241463
2406,2241471
2329,2241480
2307,2241498
2376,2241501
2351,2241510
2377,2241528
2378,2241536
2286,2241544
2330,2241552
2308,2241560
2287,2241579
2309,2241587
2331,2241595
2431,2241609
2288,2241617
2432,2241625
2289,2241633
2352,2241641
2310,2241650
2379,2241668
3094,2300010
3095,2300028
3096,2300036
2766,2300079
2767,2300095
2768,2300109
2769,2300117
2770,2300168
2771,2300176
2473,2300214
2472,2300222
2477,2300230
2474,2300249
2478,2300257
2479,2300265
2475,2300273
2476,2300281
2471,2300290
1341,2330016
1342,2330024
1301,2330032
1261,2330040
1343,2330059
1262,2330067
1263,2330075
1344,2330083
1264,2330091
1302,2330105
1265,2330113
1266,2330121
1345,2330130
1303,2330148
1346,2330156
1267,2330164
1304,2330172
1305,2330180
1306,2330199
1307,2330202
1347,2330210
1348,2330229
1308,2330237
1309,2330245
1349,2330253
1268,2330261
1310,2330270
1269,2330288
1350,2330296
1270,2330300
1351,2330318
1352,2330326
1311,2330334
1271,2330342
1312,2330350
1272,2330369
1353,2330377
1313,2330385
1273,2330393
1274,2330407
1275,2330415
1314,2330423
1276,2330431
1277,2330440
1315,2330458
1354,2330466
1278,2330474
1355,2330482
1356,2330490
1316,2330504
1357,2330512
1358,2330520
1279,2330539
1280,2330547
1359,2330555
1281,2330563
1282,2330571
1360,2330580
1361,2330598
1283,2330601
1317,2330610
1318,2330628
1284,2330636
1319,2330644
1362,2330652
1285,2330660
1320,2330679
1286,2330687
1363,2330695
1321,2330709
1322,2330717
1364,2330725
1323,2330733
1287,2330741
1324,2330750
1325,2330768
1288,2330776
1326,2330784
1365,2330792
1327,2330806
1366,2330814
1289,2330822
1367,2330830
1328,2330849
1368,2330857
1369,2330865
1290,2330873
1370,2330881
1291,2330890
1329,2330903
1292,2330911
1331,2330920
1330,2330938
1371,2330946
1332,2330954
1372,2330962
1373,2330970
1293,2330989
1294,2330997
1295,2331004
1333,2331012
1374,2331020
1334,2331039
1375,2331047
1376,2331055
1335,2331063
1296,2331071
1377,2331080
1378,2331098
1336,2331101
1297,2331110
1337,2331128
1379,2331136
1338,2331144
1339,2331152
1298,2331160
1299,2331179
1300,2331187
1380,2331195
1340,2331209
2603,2340011
2604,2340020
2605,2340038
2606,2340046
2607,2340054
2608,2340062
2609,2340070
2610,2340089
2611,2340097
2612,2340100
2613,2340119
2614,2340127
2615,2340135
2616,2340143
2617,2340151
2618,2340160
2619,2340178
2620,2340186
2621,2340194
2622,2340208
2623,2340216
2624,2340224
2625,2340232
2626,2340240
2627,2340259
2628,2340267
2629,2340275
2630,2340283
2631,2340291
2632,2340305
2633,2340313
2634,2340321
2635,2340330
2636,2340348
2637,2340356
2638,2340364
2639,2340372
2640,2340380
2641,2340399
2642,2340402
2643,2340410
2644,2340429
2645,2340437
2646,2340445
2647,2340453
2648,2340461
2649,2340470
2650,2340488
2651,2340496
2652,2340500
2653,2340518
2654,2340526
2655,2340534
2656,2340542
2657,2340550
2658,2340569
2659,2340577
2660,2340585
2661,2340593
2662,2340607
2663,2340615
2664,2340623
2665,2340631
2666,2340640
2667,2340658
2668,2340666
2669,2340674
2670,2340682
2671,2340690
2672,2340704
2673,2340712
2674,2340720
2675,2340739
2676,2340747
2677,2340755
2678,2340763
2679,2340771
2680,2340780
2681,2340798
2682,2340801
2683,2340810
2684,2340828
2685,2340836
2686,2340844
2687,2340852
2688,2340860
2689,2340879
2690,2340887
2691,2340895
2692,2340909
2693,2340917
2694,2340925
2695,2340933
2696,2340941
2697,2340950
2698,2340968
2699,2340976
2700,2340984
2701,2340992
2702,2341000
2703,2341018
2704,2341026
2705,2341034
2706,2341042
2707,2341050
2708,2341069
2709,2341077
2710,2341085
2711,2341093
2712,2341107
2713,2341115
2714,2341123
2715,2341131
2716,2341140
2717,2341158
2718,2341166
2719,2341174
2720,2341182
2721,2341190
2722,2341204
2723,2341212
2724,2341220
2725,2341239
2726,2341247
2727,2341255
2728,2341263
2729,2341271
2730,2341280
2731,2341298
2732,2341310
2733,2341328
2734,2341336
2735,2341344
2736,2341352
2737,2341360
2738,2341379
2739,2341387
2740,2341395
2741,2341409
2742,2341417
2743,2341425
2744,2341433
2745,2341441
2746,2341450
2747,2341468
2748,2341476
2749,2341484
2750,2341492
2751,2341506
2752,2341514
2753,2341522
2754,2341530
2755,2341549
2756,2341557
2757,2341565
2758,2341573
2759,2341581
2760,2341590
2761,2341603
2762,2341611
2763,2341620
2764,2341638
2765,2341646
3097,2400014
3098,2400022
3099,2400030
3100,2400049
2794,2400065
2795,2400073
2790,2400154
2791,2400162
2792,2400170
2793,2400189
2782,2400243
2783,2400251
2784,2400260
2785,2400278
2786,2400286
2787,2400294
2788,2400308
2781,2400316
3091,2400375
1706,2430010
1707,2430029
1708,2430037
1709,2430045
1710,2430053
1711,2430061
1712,2430070
1713,2430088
1714,2430096
1715,2430100
1716,2430118
1717,2430126
1718,2430134
1719,2430142
1720,2430150
1721,2430169
1722,2430177
1723,2430185
1724,2430193
1725,2430207
1726,2430215
1727,2430223
1728,2430231
1729,2430240
1730,2430258
1731,2430266
1732,2430274
1733,2430282
1734,2430290
1735,2430304
1736,2430312
1737,2430320
1738,2430339
1739,2430347
1740,2430355
1741,2430363
1742,2430371
1743,2430380
1744,2430398
1745,2430401
1746,2430410
1747,2430428
1748,2430436
1749,2430444
1750,2430452
1751,2430460
1752,2430479
1753,2430487
1754,2430495
1755,2430509
1756,2430517
1757,2430525
1758,2430533
1759,2430541
1760,2430550
1761,2430568
1762,2430576
1763,2430584
1764,2430592
1765,2430606
1766,2430614
1767,2430622
1768,2430630
1769,2430649
1770,2430657
1771,2430665
1772,2430673
1773,2430681
1774,2430690
1775,2430703
1776,2430711
1777,2430720
1778,2430738
1779,2430746
1780,2430754
1781,2430762
1782,2430770
1783,2430789
1784,2430797
1785,2430800
1786,2430819
1787,2430827
1788,2430835
1789,2430843
1790,2430851
1791,2430860
1792,2430878
1793,2430886
1794,2430894
1795,2430908
1796,2430916
1797,2430924
1798,2430932
1799,2430940
1800,2430959
1801,2430967
1802,2430975
1803,2430983
1804,2430991
1805,2431009
1806,2431017
1807,2431025
1808,2431033
1809,2431041
1810,2431050
1811,2431068
1812,2431076
1813,2431084
1814,2431092
1815,2431106
1816,2431114
1817,2431122
1818,2431130
1819,2431149
1820,2431157
1821,2431165
1822,2431173
1823,2431181
1824,2431190
1825,2431203
2796,2440016
2797,2440024
2798,2440032
2799,2440040
2800,2440059
2801,2440067
2802,2440075
2803,2440083
2804,2440091
2805,2440105
2806,2440113
2807,2440121
2808,2440130
2809,2440148
2810,2440156
2811,2440164
2812,2440172
2814,2440180
2813,2440199
2815,2440202
2816,2440210
2817,2440229
2818,2440237
2819,2440245
2820,2440253
2821,2440261
2822,2440270
2823,2440288
2824,2440296
2825,2440300
2826,2440318
2827,2440326
2828,2440334
2829,2440342
2830,2440350
2831,2440369
2832,2440377
2833,2440385
2834,2440393
2835,2440407
2836,2440415
2837,2440423
2838,2440431
2839,2440440
2840,2440458
2841,2440466
2842,2440474
2843,2440482
2844,2440490
2845,2440504
2846,2440512
2847,2440520
2848,2440539
2849,2440547
2850,2440555
2851,2440563
2852,2440571
2853,2440580
2854,2440598
2855,2440601
2856,2440610
2857,2440628
2858,2440636
2859,2440644
2860,2440652
2861,2440660
2862,2440679
2863,2440687
2864,2440695
2865,2440709
2866,2440717
2867,2440725
2868,2440733
2869,2440741
2870,2440750
2871,2440768
2872,2440776
2873,2440784
2874,2440792
2875,2440806
2876,2440814
2877,2440822
2878,2440830
2879,2440849
2880,2440857
2881,2440865
2882,2440873
2883,2440881
2884,2440890
2885,2440903
2886,2440911
2887,2440920
2888,2440938
2889,2440946
2890,2440954
2891,2440962
2892,2440970
2893,2440989
2894,2440997
2895,2441004
2896,2441012
2897,2441020
2898,2441039
2899,2441047
2900,2441055
2901,2441063
2902,2441071
2903,2441080
2904,2441098
2905,2441101
2906,2441110
2907,2441128
2908,2441136
2909,2441144
2910,2441152
2911,2441160
2912,2441179
2913,2441187
2914,2441195
2915,2441209
2916,2441217
2917,2441225
2918,2441233
2919,2441241
2920,2441250
2921,2441268
2922,2441276
2923,2441284
2924,2441292
2925,2441306
2926,2441314
2927,2441322
2928,2441330
2929,2441349
2930,2441357
2931,2441365
2932,2441373
2933,2441381
2934,2441390
2935,2441403
2936,2441411
2937,2441420
2938,2441438
2939,2441446
2940,2441454
2941,2441462
2942,2441470
2943,2441489
2944,2441497
2945,2441500
2946,2441519
2947,2441527
2948,2441535
2949,2441543
2950,2441551
2951,2441560
2952,2441578
2953,2441586
2954,2441594
2955,2441608
2956,2441616
2957,2441624
2958,2441632
2959,2441640
2223,2530015
2143,2530023
2183,2530031
2224,2530040
2184,2530058
2144,2530066
2145,2530074
2225,2530082
2226,2530090
2227,2530104
2146,2530112
2185,2530120
2228,2530139
2229,2530147
2147,2530155
2230,2530163
2231,2530171
2186,2530180
2148,2530198
2232,2530201
2187,2530210
2149,2530228
2189,2530236
2188,2530244
2190,2530252
2150,2530260
2191,2530279
2151,2530287
2192,2530295
2193,2530309
2152,2530317
2194,2530325
2153,2530333
2195,2530341
2233,2530350
2196,2530368
2154,2530376
2155,2530384
2156,2530392
2197,2530406
2234,2530414
2157,2530422
2198,2530430
2235,2530449
2158,2530457
2199,2530465
2200,2530473
2236,2530481
2201,2530490
2159,2530503
2202,2530511
2203,2530520
2237,2530538
2238,2530546
2204,2530554
2205,2530562
2160,2530570
2206,2530589
2207,2530597
2208,2530600
2239,2530619
2209,2530627
2240,2530635
2241,2530643
2161,2530651
2162,2530660
2163,2530678
2164,2530686
2242,2530694
2165,2530708
2211,2530716
2243,2530724
2166,2530732
2244,2530740
2210,2530759
2212,2530767
2213,2530775
2245,2530783
2167,2530791
2246,2530805
2168,2530813
2169,2530821
2214,2530830
2247,2530848
2248,2530856
2249,2530864
2170,2530872
2215,2530880
2250,2530899
2251,2530902
2252,2530910
2216,2530929
2171,2530937
2253,2530945
2172,2530953
2173,2530961
2174,2530970
2217,2530988
2254,2530996
2175,2531003
2218,2531011
2176,2531020
2219,2531038
2255,2531046
2256,2531054
2220,2531062
2221,2531070
2257,2531089
2178,2531097
2179,2531100
2177,2531119
2258,2531127
2259,2531135
2260,2531143
2180,2531151
2181,2531160
2222,2531178
2182,2531186
2261,2531194
2262,2531208
2480,2630010
2481,2630028
2482,2630036
2483,2630044
2484,2630052
2485,2630060
2486,2630079
2487,2630087
2488,2630095
2489,2630109
2490,2630117
2491,2630125
2492,2630133
2493,2630141
2494,2630150
2495,2630168
2496,2630176
2497,2630184
2498,2630192
2499,2630206
2500,2630214
2501,2630222
2502,2630230
2503,2630249
2504,2630257
2505,2630265
2506,2630273
2507,2630281
2508,2630290
2509,2630303
2510,2630311
2511,2630320
2512,2630338
2513,2630346
2514,2630354
2515,2630362
2516,2630370
2517,2630389
2518,2630397
2519,2630400
2520,2630419
2521,2630427
2522,2630435
2523,2630443
2524,2630451
2525,2630460
2526,2630478
2527,2630486
2528,2630494
2529,2630508
2530,2630516
2531,2630524
2532,2630532
2533,2630540
2534,2630559
2535,2630567
2536,2630575
2537,2630583
2538,2630591
2539,2630605
2540,2630613
2541,2630621
2542,2630630
2543,2630648
2544,2630656
2545,2630664
2546,2630672
2547,2630680
2548,2630699
2549,2630702
2550,2630710
2551,2630729
2552,2630737
2553,2630745
2554,2630753
2555,2630761
2556,2630770
2557,2630788
2558,2630796
2559,2630800
2560,2630818
2561,2630826
2562,2630834
2563,2630842
2564,2630850
2565,2630869
2566,2630877
2567,2630885
2568,2630893
2569,2630907
2570,2630915
2571,2630923
2572,2630931
2573,2630940
2574,2630958
2575,2630966
2576,2630974
2577,2630982
2578,2630990
2579,2631008
2580,2631016
2581,2631024
2582,2631032
2583,2631040
2584,2631059
2585,2631067
2586,2631075
2587,2631083
2588,2631091
2589,2631105
2590,2631113
2591,2631121
2592,2631130
2593,2631148
2594,2631156
2595,2631164
2596,2631172
2597,2631180
2598,2631199
2599,2631202
2960,2730014
2961,2730022
2962,2730030
3040,2730049
3000,2730057
2963,2730065
2964,2730073
3041,2730081
3001,2730090
2965,2730103
3042,2730111
3002,2730120
2966,2730138
3043,2730146
3003,2730154
2967,2730162
3004,2730170
2968,2730189
3005,2730197
3044,2730200
2969,2730219
3006,2730227
3045,2730235
2970,2730243
3007,2730251
3046,2730260
3008,2730278
3047,2730286
2971,2730294
3048,2730308
2972,2730316
3009,2730324
2973,2730332
2974,2730340
3010,2730359
2975,2730367
2976,2730375
2977,2730383
3049,2730391
3011,2730405
3012,2730413
3050,2730421
3051,2730430
3052,2730448
3013,2730456
3014,2730464
2978,2730472
3053,2730480
2979,2730499
3015,2730502
3054,2730510
3016,2730529
3055,2730537
3017,2730545
2980,2730553
3056,2730561
3018,2730570
2981,2730588
3057,2730596
3019,2730600
2982,2730618
2983,2730626
3020,2730634
3058,2730642
2984,2730650
2985,2730669
3059,2730677
2986,2730685
3021,2730693
3022,2730707
2987,2730715
2988,2730723
2989,2730731
3060,2730740
2990,2730758
3023,2730766
2991,2730774
3024,2730782
2992,2730790
3061,2730804
3025,2730812
3062,2730820
3063,2730839
3064,2730847
3065,2730855
3026,2730863
3027,2730871
3028,2730880
2993,2730898
3029,2730901
3066,2730910
3030,2730928
2994,2730936
3067,2730944
3031,2730952
3032,2730960
3068,2730979
3069,2730987
3070,2730995
3071,2731002
3033,2731010
3072,2731029
3034,2731037
2995,2731045
3073,2731053
2996,2731061
2997,2731070
3035,2731088
3036,2731096
3074,2731100
2998,2731118
3075,2731126
3037,2731134
3076,2731142
3077,2731150
3078,2731169
3038,2731177
3039,2731185
2999,2731193
3079,2731207
89,44.yangoo@gmail.com.1538127218
2129,7654321
2130,7777777
3105,8888888@saikyo.ed.jp.1756428931
109,a-shimada
93,a@test.com.1545373387
1674,abe
47,abe.tatsuya.33m@st.kyoto-u.ac.jp.1545373322
2465,activel1
2,admin
2789,aiueba
85,akcapinar.arzu.5x@kyoto-u.ac.jp.1545373231
1212,alice
2600,atake
2133,ayako
251,ayumi
122,b@testuser.com.1552871597
39,banno.ryoutarou.43r@st.kyoto-u.ac.jp.1545373377
123,c@testuser.com.1548916662
125,c@testuser.com.1552871615
3093,chen
2139,chiayu
1222,chifumi
1681,chika
284,chris
124,d@testuser.com.1548916705
126,d@testuser.com.1552871637
1826,dai
3085,daixiangting
127,e@testuser.com.1552871632
128,f@testuser.com.1552871626
4,flanagan
2134,fujimaru
98,fujitani.k01@school.fuku-c.ed.jp.1547772749
73,fukuda.shinnosuke.82u@st.kyoto-u.ac.jp.1545373329
100,fukuokaseiryou049@school.fuku-c.ed.jp.1547772749
101,fukuokaseiryou081@school.fuku-c.ed.jp.1547772749
99,fukuokaseiryou090@school.fuku-c.ed.jp.1547772749
129,g@testuser.com.1550194671
1,guest
3084,hamada
117,hasnine
86,hasnine.mohammadnehal.5z@kyoto-u.ac.jp.1545373386
44,hatakeyama.koudai.26a@st.kyoto-u.ac.jp.1545373378
97,hayakawa.r01@school.fuku-c.ed.jp.1547772749
3103,hibiki_uchikawa
35,hiramatsu.yuki.23s@st.kyoto-u.ac.jp.1545373318
283,hiroyuki
63,hosoda.kyohei.55x@st.kyoto-u.ac.jp.1545373383
3081,ichidate
1678,ikeda
88,ikeda.naoko.4m@kyoto-u.ac.jp.1545373386
69,imayoshi.kento.54e@st.kyoto-u.ac.jp.1545373327
2462,isanka
2780,isanka_student
3104,isanka_teacher
1676,itadani
2773,itadani_teacher
2136,itadani-student
95,ivica.boticki@gmail.com.1545373332
2141,izumi
2601,jiang
1668,jiayu
3087,jissyu2024
1695,kajiwara
40,katagiri.hajime.42r@st.kyoto-u.ac.jp.1545373319
1213,kiki
2458,kishida
2138,kohei
2470,koike_kento
76,kokubo.akihiro.48w@st.kyoto-u.ac.jp.1545373330
41,komaki.daisuke.22c@st.kyoto-u.ac.jp.1545373320
1232,kondo
3082,kou
2457,koujin
2137,kouki
2135,ku-yutanakamizo
34,kubota.issei.76a@st.kyoto-u.ac.jp.1545373318
2455,kyutoku
107,l-chen
2461,la-sensei
2460,la-sensei@example.com.1657850599
91,li.huiyong.58e@st.kyoto-u.ac.jp.1545373331
1220,liang
1214,lihuiyong123
1667,louis
60,luu.phuc.34x@st.kyoto-u.ac.jp.1545373383
43,maehama.kota.48m@st.kyoto-u.ac.jp.1545373320
92,mail.2.jkmadathil@gmail.com.1545373331
5,majumdar
3088,manabu_ishihara
2456,mandukhai
2772,maryma
106,masanori-y
49,masuda.shunta.78m@st.kyoto-u.ac.jp.1545373380
38,matsumoto.naoki.33s@st.kyoto-u.ac.jp.1545373377
1210,miho
1219,miho_2
57,miyagi.ryota.86s@st.kyoto-u.ac.jp.1545373382
59,miyazawa.nobuaki.33s@st.kyoto-u.ac.jp.1545373325
1231,mouri
2774,mukou1@mukou.com.1687416836
2775,mukou2@mukou.com.1687416841
2776,mukou3@mukou.com.1687416846
3086,mushi2024
51,naito.kenshiro.33z@st.kyoto-u.ac.jp.1545373380
1694,nakajima
1828,nakamoto
114,nakamura
1234,nakanishi
94,naomiy@acm.org.1545373387
50,naruse.makoto.34n@st.kyoto-u.ac.jp.1545373322
46,nozaki.jumon.73s@st.kyoto-u.ac.jp.1545373379
1672,nozomu
1221,ocheja.patrick
74,oda.yuuma.57v@st.kyoto-u.ac.jp.1545373385
3,ogata
87,ogata-student
3083,okayama
45,ooyama.takehisa.32e@st.kyoto-u.ac.jp.1545373321
2779,orchard
108,s-hamada
2131,saikyotest
1675,sawa
1223,school
2142,shiga
54,shijubo.junya.37v@st.kyoto-u.ac.jp.1545373323
2463,singh
75,sone.taiga.74e@st.kyoto-u.ac.jp.1545373385
3089,steve
2466,sugimoto
65,sumie.yuya.37a@st.kyoto-u.ac.jp.1545373326
110,t-minematsu
112,t-oowatari
113,t-shiino
249,t@testuser.com.1552871620
2453,taisei_yamauchi
2459,taitokano
36,takahashi.masahiro.63e@st.kyoto-u.ac.jp.1545373376
96,takai.yuka.3e@kyoto-u.ac.jp.1545373388
116,takai.yuka.3e@kyoto-u.ac.jp.1555556561
1827,takami
72,takata.daisuke.72r@st.kyoto-u.ac.jp.1545373329
1233,takii
2128,tanimura
2464,tanimura_student
58,terada.kenta.22w@st.kyoto-u.ac.jp.1545373324
1682,test_1
1691,test_10
1692,test_11
1693,test_12
1683,test_2
1684,test_3
1685,test_4
1686,test_5
1687,test_6
1688,test_7
1689,test_8
1690,test_9
2777,test_saikyo
3090,test_teacher01
2132,test-kondo
118,test@user1.com.1547772662
120,test@user3.com.1547772749
102,test1@test1.com.1547772749
103,test2@test1.com.1547772749
119,test2@user.com.1547772749
104,test3@test1.com.1547772749
121,testa
255,testb
1225,testc
1670,testd
2140,teste
3092,testf
2468,tests
2467,testt
1224,testuser01
1671,tian
253,tmktnk@gmail.com.1553661502
254,tmktnk@gmail.com.1553661593
252,tmktnk@gmail.com.1553662122
115,tomoko
3080,tonosaki
6,u0001@kyoto-u.ac.jp.1545373225
7,u0002@kyoto-u.ac.jp.1545373225
8,u0003@kyoto-u.ac.jp.1545373225
9,u0004@kyoto-u.ac.jp.1545373225
10,u0005@kyoto-u.ac.jp.1545373225
11,u0006@kyoto-u.ac.jp.1545373226
12,u0007@kyoto-u.ac.jp.1545373226
13,u0008@kyoto-u.ac.jp.1545373226
14,u0009@kyoto-u.ac.jp.1545373226
15,u0010@kyoto-u.ac.jp.1545373226
16,u0011@kyoto-u.ac.jp.1545373226
17,u0012@kyoto-u.ac.jp.1545373227
18,u0013@kyoto-u.ac.jp.1545373227
19,u0014@kyoto-u.ac.jp.1545373227
20,u0015@kyoto-u.ac.jp.1545373227
21,u0016@kyoto-u.ac.jp.1545373227
22,u0017@kyoto-u.ac.jp.1545373227
23,u0018@kyoto-u.ac.jp.1545373227
24,u0019@kyoto-u.ac.jp.1545373227
25,u0020@kyoto-u.ac.jp.1545373227
29,u0024@kyoto-u.ac.jp.1545373374
30,u0025@kyoto-u.ac.jp.1545373374
31,u0026@kyoto-u.ac.jp.1545373375
32,u0027@kyoto-u.ac.jp.1545373376
33,u0028@kyoto-u.ac.jp.1545373317
37,u0032@kyoto-u.ac.jp.1545373319
42,u0037@kyoto-u.ac.jp.1545373227
52,u0047@kyoto-u.ac.jp.1545373323
53,u0048@kyoto-u.ac.jp.1545373228
56,u0051@kyoto-u.ac.jp.1545373382
61,u0056@kyoto-u.ac.jp.1545373325
62,u0057@kyoto-u.ac.jp.1545373228
64,u0059@kyoto-u.ac.jp.1545373229
66,u0061@kyoto-u.ac.jp.1545373384
67,u0062@kyoto-u.ac.jp.1545373326
68,u0063@kyoto-u.ac.jp.1545373327
70,u0065@kyoto-u.ac.jp.1545373328
77,u0072@kyoto-u.ac.jp.1545373330
78,u0073@kyoto-u.ac.jp.1545373229
79,u0074@kyoto-u.ac.jp.1545373230
80,u0075@kyoto-u.ac.jp.1545373230
81,u0076@kyoto-u.ac.jp.1545373230
82,u0077@kyoto-u.ac.jp.1545373230
83,u0078@kyoto-u.ac.jp.1545373230
84,u0079@kyoto-u.ac.jp.1545373230
26,ueda.ryosuke.38n@st.kyoto-u.ac.jp.1545373373
27,umakoshi.masato.58c@st.kyoto-u.ac.jp.1545373373
2602,wang.zixu.78d@st.kyoto-u.ac.jp.1681460078
2469,wangzixu
111,y-taniguchi
55,yamaguchi.sakon.52u@st.kyoto-u.ac.jp.1545373381
71,yamakawa.erina.43z@st.kyoto-u.ac.jp.1545373328
48,yamato.kamakura.74c@st.kyoto-u.ac.jp.1545373379
2452,yamauchi
1215,yang
90,yang.yuanyuan.24w@st.kyoto-u.ac.jp.1545373387
3101,yanyu
28,yoshikawa.eisaku.32m@st.kyoto-u.ac.jp.1545373317
105,yoshimoto.s04@school.fuku-c.ed.jp.1547772883
1216,yoshitake
1677,yuko
2778,yutokatsuno
3102,zhouyiming